John,Doe,jdoe,2c26b46b68ffc68ff99b453c1d30413413422e4fd9f1d0f8fa0d6f4d6e2a77f3,9af0b78220b9e7b4c9fdec857f836b3e2514e35e4e3b172aa0ea5e22e0e0d912,3
Jane,Smith,jsmith,6cf615d5f926e4f812c4fa20dc6e22078b92b5e68bc0c8992fc66a5a66d62c3f,faa6dfda71f3d85896223affb8ed51d0d9b48d1db70297ac1c251d9ae53e2598,1
Alice,Johnson,ajohnson,e0e6097a6ef52eae5d7c70f084e177beebe9a38bbf6c4ed161e369a1efbe0ccf,1e80b9ed5b59e30b16c4ae7d849cb6be70a0fe3aaf89ac60bb21f07cc0581fd4,3
Bob,Williams,bwilliams,921465a2d773c23fc4e3e81f603b650dd05536b7a53abf413598b4c426bb89f1,e4f7f38b7098c1b143d1bb27c2e90c8040f49384c16489e1ea92f21f884b3b65,2
Carol,Brown,cbrown,cbf258bdaee3056bc437d2464e6c841c70d173b7d9f7be1ce4202f249d2151a5,74950f69e4bbfd2e3de354da8e3d4c612589b9f733a2b64dbd8f4a8ec265f56c,3
David,Jones,djones,7b8b965ad4bca0e41ab51de7b31363a1b82196f35406c574ea8b7aebfa66f44b,55e9f7f1d8434c4d45f87ad6a5b6ec097ba91cb72746048f84c6f57d2a89df92,1
Eva,Davis,edavis,7c3f0ebf5f1f68f7710d7d2589f1e4c5a3dc4dd1565de2b0c7cbe1a377ba1fe9,13c27f226c7e83755d1e785e8ab6ebf586b8781737dd1e5a2436c9e6f87c96b7,3
Frank,Miller,fmiller,bdfb29b535b5c71a3d251b879edca8e01d3b72860df700eb7c53bc81f3cda0b2,afeef03c6f5a0621f5f349a0e314cedb4af9cd208145a20dc74986a7df012f32,2
Grace,Wilson,gwilson,420cf5ffbaf75b733b8fd7b87ac1bbf430ce6587cc8e3bb59dbf6a2556620e87,d3db0c3b5f426c48b32d3cbdb394c68c5d0c26c9f51cbab4ad84a8e4deae8ff6,3
Henry,Moore,hmoore,52b8f801a3a5090fd06600a6d1cfa3d8f43dd3ac9ccedc771623de0b4a90575d,8b6f4f3e9f99276a03bbdeaf91c95e63d5b95fc6c3c7c723d31fdf2a0e398249,1
Andrew,Garfield,spiderman,a759f14fa8da443bca6875da4110034eb5ece50fd3e2fe4a1ef87722d6eabe33,c9344c5f1079f7ce9b007e604829f7e8e4516e9132e098ebd58e2cc7f2a5fd4c,3
haziel,david,hazdav,faa6dfda71f3d85896223affb8ed51d0d9b48d1db70297ac1c251d9ae53e2598,6593d60e6e10556aea6ff038d5380ffeef8d62c9db3802d3746bfdcbc7aeb379,1
Thomas,Johnson,thommy,e821c8fec0e5e94b2cb4872fc723f3371989a822c2875ac2fff663a59abacfd4,0079b4f45ce92734fab1fd1ec3120e867ec729448a3f4c975bec25975354c60a,2
tom,holland,queens,abbadcbd9d6bcc9497dd153014f9074051ba206c2a4dd13921571296b6cfc7b3,8e4f30f0e782df4297c0eb8757560472eec82897eae8eb11142ed383eba21582,1
